hydroOID,predsite,rid,ratio,ST_NAME,YEAR_,SAMP_SPR,DATE_SPR,SAMP_SUM,DATE_SUM,SHEDNAME,Site,MTLSCULP,ROSYDACE,EPI_SUB,EMBEDDED,WOOD_DEB,INSTRHAB,TEMP_FLD,DO_FLD,PH_LAB,PH_FLD,COND_LAB,COND_FLD,ANC_LAB,DOC_LAB,NO3_LAB,SO4_LAB,h20ElevMn,h20SlopeMn,albersX,albersY,h20Area_km,perDevel,perForest,perAgri,perWetland
1,1,132,0.9411,,,,,,,,,,,,,,,,,,,,,,,,,228.31,3.2,1619597.449,394735.1062,0.1943,1.23,17.35,80.85,0.05
2,1,31,0.3871,,,,,,,,,,,,,,,,,,,,,,,,,286.64,5.59,1614149.459,402097.1163,1.6003,0.34,11.82,87.35,0.48
3,1,31,0.2339,,,,,,,,,,,,,,,,,,,,,,,,,286.64,5.59,1614047.449,401889.3702,2.0003,0.34,11.82,87.35,0.48
4,1,31,0.0969,,,,,,,,,,,,,,,,,,,,,,,,,286.64,5.59,1614017.449,401651.7967,2.3578,0.34,11.82,87.35,0.48
5,1,32,0.29,,,,,,,,,,,,,,,,,,,,,,,,,288.04,5.63,1613799.286,401613.2685,1.4447,0.44,31.36,67.85,0.35
6,1,32,0.0602,,,,,,,,,,,,,,,,,,,,,,,,,288.04,5.63,1614021.052,401545.1062,1.9124,0.44,31.36,67.85,0.35
7,1,50,0.3206,,,,,,,,,,,,,,,,,,,,,,,,,255.69,3.57,1616177.449,400426.9438,1.4424,7.16,7.67,85.16,0.00
8,1,50,0.1139,,,,,,,,,,,,,,,,,,,,,,,,,255.69,3.57,1616016.565,400285.1062,1.8813,7.16,7.67,85.16,0.00
9,1,51,0.7235,,,,,,,,,,,,,,,,,,,,,,,,,253.59,3.89,1615937.449,400804.8118,3.6212,1.93,3.42,94.45,0.20
10,1,51,0.4471,,,,,,,,,,,,,,,,,,,,,,,,,252.69,3.87,1615907.449,400567.2382,3.7998,1.89,3.45,94.47,0.19
11,1,51,0.1706,,,,,,,,,,,,,,,,,,,,,,,,,251.86,3.86,1615849.581,400342.9742,3.9785,1.87,3.47,94.49,0.18
12,1,53,0.8681,,,,,,,,,,,,,,,,,,,,,,,,,285.37,5.56,1614271.799,401410.7559,4.9026,0.39,20.27,78.72,0.55
13,1,53,0.7362,,,,,,,,,,,,,,,,,,,,,,,,,283.68,5.52,1614465.611,401275.1062,5.1593,0.39,20.18,78.63,0.66
14,1,53,0.6043,,,,,,,,,,,,,,,,,,,,,,,,,282.15,5.48,1614497.449,401039.3702,5.4161,0.38,20.09,78.56,0.76
15,1,53,0.4762,,,,,,,,,,,,,,,,,,,,,,,,,280.8,5.45,1614649.997,400852.5578,5.6654,0.38,20.02,78.49,0.85
16,1,53,0.3405,,,,,,,,,,,,,,,,,,,,,,,,,279.49,5.41,1614784.347,400658.2076,5.9296,0.38,19.94,78.43,0.93
17,1,53,0.2087,,,,,,,,,,,,,,,,,,,,,,,,,278.32,5.38,1614947.449,400475.7663,6.1863,0.38,19.88,78.37,1.01
18,1,53,0.0768,,,,,,,,,,,,,,,,,,,,,,,,,277.25,5.36,1614947.449,400225.7663,6.4431,0.38,19.81,78.32,1.08
19,1,54,0.669,,,,,,,,,,,,,,,,,,,,,,,,,273.3,4.45,1614148.037,400315.1062,0.5986,0.60,12.00,87.26,0.05
20,1,54,0.4827,,,,,,,,,,,,,,,,,,,,,,,,,273.3,4.45,1614348.332,400195.1062,0.9353,0.60,12.00,87.26,0.05
21,1,54,0.3237,,,,,,,,,,,,,,,,,,,,,,,,,273.3,4.45,1614598.332,400195.1062,1.2229,0.60,12.00,87.26,0.05
22,1,54,0.1546,,,,,,,,,,,,,,,,,,,,,,,,,273.3,4.45,1614811.052,400105.1062,1.5286,0.60,12.00,87.26,0.05
23,1,57,0.3333,,,,,,,,,,,,,,,,,,,,,,,,,250.75,4.89,1615007.449,400075.1062,0.6108,0.39,6.58,93.03,0.00
24,1,61,0.7542,,,,,,,,,,,,,,,,,,,,,,,,,252.42,3.76,1615847.449,400029.959,6.4521,3.54,5.13,91.20,0.12
25,1,61,0.5089,,,,,,,,,,,,,,,,,,,,,,,,,252.01,3.77,1615787.24,399804.898,6.6918,3.42,5.33,91.10,0.12
26,1,61,0.2625,,,,,,,,,,,,,,,,,,,,,,,,,251.63,3.78,1615757.449,399567.2382,6.9326,3.30,5.52,91.01,0.12
27,1,62,0.7819,,,,,,,,,,,,,,,,,,,,,,,,,272.76,5.12,1615262.596,400015.1062,9.4768,0.43,16.80,81.67,0.79
28,1,62,0.3458,,,,,,,,,,,,,,,,,,,,,,,,,271.44,5.11,1615547.449,399659.3702,9.7932,0.43,16.44,82.05,0.76
29,1,62,0.1277,,,,,,,,,,,,,,,,,,,,,,,,,270.81,5.1,1615657.57,399454.9843,9.9514,0.44,16.26,82.23,0.75
30,1,72,0.6488,,,,,,,,,,,,,,,,,,,,,,,,,258.41,3.63,1617091.418,398905.1062,1.1562,15.80,15.50,68.64,0.00
31,1,72,0.561,,,,,,,,,,,,,,,,,,,,,,,,,258.41,3.63,1616892.976,398780.634,1.4453,15.80,15.50,68.64,0.00
32,1,72,0.4795,,,,,,,,,,,,,,,,,,,,,,,,,258.41,3.63,1616678.403,398815.1062,1.7134,15.80,15.50,68.64,0.00
33,1,72,0.39,,,,,,,,,,,,,,,,,,,,,,,,,258.41,3.63,1616442.768,398780.4258,2.0081,15.80,15.50,68.64,0.00
34,1,72,0.2976,,,,,,,,,,,,,,,,,,,,,,,,,258.41,3.63,1616308.418,398586.0755,2.3125,15.80,15.50,68.64,0.00
35,1,72,0.2098,,,,,,,,,,,,,,,,,,,,,,,,,258.41,3.63,1616096.494,398536.0608,2.6015,15.80,15.50,68.64,0.00
36,1,72,0.122,,,,,,,,,,,,,,,,,,,,,,,,,258.41,3.63,1615875.783,398606.7714,2.8906,15.80,15.50,68.64,0.00
37,1,72,0.0378,,,,,,,,,,,,,,,,,,,,,,,,,258.41,3.63,1615727.449,398510.0304,3.1679,15.80,15.50,68.64,0.00
38,1,73,0.7435,,,,,,,,,,,,,,,,,,,,,,,,,262.15,4.55,1615644.311,399121.9691,17.4571,1.58,11.85,85.90,0.48
39,1,73,0.4869,,,,,,,,,,,,,,,,,,,,,,,,,261.86,4.54,1615667.449,398887.2382,17.6811,1.56,11.89,85.88,0.47
40,1,73,0.2304,,,,,,,,,,,,,,,,,,,,,,,,,261.58,4.54,1615697.449,398649.6646,17.905,1.55,11.93,85.86,0.47
41,1,74,0.7768,,,,,,,,,,,,,,,,,,,,,,,,,260.55,4.4,1609967.449,399639.3702,0.7688,0.00,16.75,81.42,1.52
42,1,74,0.6652,,,,,,,,,,,,,,,,,,,,,,,,,260.55,4.4,1609877.449,399426.6495,1.1532,0.00,16.75,81.42,1.52
43,1,74,0.5536,,,,,,,,,,,,,,,,,,,,,,,,,260.55,4.4,1609853.687,399211.3447,1.5376,0.00,16.75,81.42,1.52
44,1,74,0.442,,,,,,,,,,,,,,,,,,,,,,,,,260.55,4.4,1609710.55,399038.2076,1.922,0.00,16.75,81.42,1.52
45,1,74,0.3304,,,,,,,,,,,,,,,,,,,,,,,,,260.55,4.4,1609673.845,398808.7101,2.3064,0.00,16.75,81.42,1.52
46,1,74,0.2188,,,,,,,,,,,,,,,,,,,,,,,,,260.55,4.4,1609586.702,398614.3598,2.6908,0.00,16.75,81.42,1.52
47,1,74,0.109,,,,,,,,,,,,,,,,,,,,,,,,,260.55,4.4,1609517.449,398393.0456,3.0688,0.00,16.75,81.42,1.52
48,1,77,0.3824,,,,,,,,,,,,,,,,,,,,,,,,,260.78,4.4,1615697.449,398175.1062,21.4545,3.73,12.50,83.21,0.39
49,1,78,0.2851,,,,,,,,,,,,,,,,,,,,,,,,,232.74,4.53,1615667.449,398164.8118,0.8982,0.29,5.66,94.05,0.00
50,1,79,0.6327,,,,,,,,,,,,,,,,,,,,,,,,,277.32,5.01,1610112.007,398005.1062,0.6278,2.63,26.07,71.09,0.11
51,1,79,0.4413,,,,,,,,,,,,,,,,,,,,,,,,,277.32,5.01,1609874.433,398035.1062,0.9549,2.63,26.07,71.09,0.11
52,1,79,0.249,,,,,,,,,,,,,,,,,,,,,,,,,277.32,5.01,1609645.819,398086.7357,1.2835,2.63,26.07,71.09,0.11
53,1,79,0.0612,,,,,,,,,,,,,,,,,,,,,,,,,277.32,5.01,1609436.565,398185.1062,1.6044,2.63,26.07,71.09,0.11
54,1,83,0.5501,,,,,,,,,,,,,,,,,,,,,,,,,245.69,4.11,1616401.713,397555.1062,0.9484,2.31,16.40,81.00,0.00
55,1,83,0.3251,,,,,,,,,,,,,,,,,,,,,,,,,245.69,4.11,1616305.611,397353.2685,1.4226,2.31,16.40,81.00,0.00
56,1,83,0.1001,,,,,,,,,,,,,,,,,,,,,,,,,245.69,4.11,1616076.113,397303.7711,1.8968,2.31,16.40,81.00,0.00
57,1,84,0.744,,,,,,,,,,,,,,,,,,,,,,,,,258.91,4.42,1615787.449,397864.8118,22.9139,3.51,12.20,83.77,0.37
58,1,84,0.4881,,,,,,,,,,,,,,,,,,,,,,,,,258.65,4.42,1615872.51,397650.0452,23.082,3.49,12.28,83.71,0.36
59,1,84,0.2488,,,,,,,,,,,,,,,,,,,,,,,,,258.42,4.43,1615937.449,397426.9438,23.2392,3.47,12.36,83.66,0.36
60,1,89,0.4022,,,,,,,,,,,,,,,,,,,,,,,,,244.34,3.34,1607519.042,397746.7,3.3564,0.03,11.02,88.83,0.00
61,1,89,0.2933,,,,,,,,,,,,,,,,,,,,,,,,,243.67,3.33,1607477.449,397513.9287,3.5912,0.03,10.42,89.44,0.00
62,1,89,0.1714,,,,,,,,,,,,,,,,,,,,,,,,,243.02,3.32,1607513.637,397278.9182,3.854,0.02,9.84,90.03,0.00
63,1,89,0.0545,,,,,,,,,,,,,,,,,,,,,,,,,242.47,3.31,1607635.56,397096.9944,4.1062,0.02,9.35,90.52,0.00
64,1,90,0.3906,,,,,,,,,,,,,,,,,,,,,,,,,251.49,4.8,1614557.449,397593.9287,1.2159,0.09,24.27,75.64,0.00
65,1,90,0.246,,,,,,,,,,,,,,,,,,,,,,,,,251.49,4.8,1614492.976,397370.634,1.5045,0.09,24.27,75.64,0.00
66,1,90,0.0969,,,,,,,,,,,,,,,,,,,,,,,,,251.49,4.8,1614407.449,397156.0607,1.8019,0.09,24.27,75.64,0.00
67,1,90,0.001,,,,,,,,,,,,,,,,,,,,,,,,,251.49,4.8,1614407.449,397015.1062,1.9953,0.09,24.27,75.64,0.00
68,1,91,0.6128,,,,,,,,,,,,,,,,,,,,,,,,,272.15,5.04,1613715.611,396955.1062,10.2259,0.12,22.29,77.43,0.00
69,1,91,0.4205,,,,,,,,,,,,,,,,,,,,,,,,,271.32,5.04,1613928.332,396925.1062,10.5548,0.13,22.60,77.13,0.00
70,1,91,0.2256,,,,,,,,,,,,,,,,,,,,,,,,,270.52,5.04,1614148.784,396996.4413,10.8884,0.13,22.88,76.84,0.00
71,1,91,0.0319,,,,,,,,,,,,,,,,,,,,,,,,,269.78,5.03,1614378.281,397044.2735,11.2196,0.14,23.15,76.57,0.00
72,1,90,0.001,,,,,,,,,,,,,,,,,,,,,,,,,251.49,4.8,1614407.449,397015.1062,1.9953,0.09,24.27,75.64,0.00
73,1,92,0.8629,,,,,,,,,,,,,,,,,,,,,,,,,264.82,4.58,1609275.525,398003.1823,5.4051,0.84,20.46,77.20,1.00
74,1,92,0.7197,,,,,,,,,,,,,,,,,,,,,,,,,263.59,4.56,1609204.814,397782.4716,5.6681,0.82,21.05,76.44,0.95
75,1,92,0.5795,,,,,,,,,,,,,,,,,,,,,,,,,262.49,4.55,1609112.89,397570.5477,5.9254,0.79,21.58,75.76,0.91
76,1,92,0.4458,,,,,,,,,,,,,,,,,,,,,,,,,261.53,4.53,1609067.449,397339.3702,6.1709,0.77,22.04,75.17,0.88
77,1,92,0.2992,,,,,,,,,,,,,,,,,,,,,,,,,260.56,4.52,1609078.576,397093.9792,6.4401,0.75,22.51,74.57,0.84
78,1,92,0.1658,,,,,,,,,,,,,,,,,,,,,,,,,259.75,4.5,1609187.449,396889.0759,6.685,0.73,22.90,74.06,0.81
79,1,92,0.0287,,,,,,,,,,,,,,,,,,,,,,,,,258.97,4.49,1609091.261,396678.9182,6.9367,0.71,23.27,73.58,0.78
80,1,93,0.2699,,,,,,,,,,,,,,,,,,,,,,,,,260.45,5.57,1609159.875,396655.1062,0.6926,0.57,19.26,79.79,0.00
81,1,94,0.3969,,,,,,,,,,,,,,,,,,,,,,,,,237.17,2.54,1607250.708,396611.8472,1.4026,0.46,2.17,96.28,0.19
82,1,94,0.2539,,,,,,,,,,,,,,,,,,,,,,,,,237.17,2.54,1607445.058,396712.7155,1.7352,0.46,2.17,96.28,0.19
83,1,94,0.1295,,,,,,,,,,,,,,,,,,,,,,,,,237.17,2.54,1607618.195,396855.8526,2.0244,0.46,2.17,96.28,0.19
84,1,100,0.8468,,,,,,,,,,,,,,,,,,,,,,,,,240.06,3.04,1607942.596,397075.1062,6.8483,0.17,6.65,92.70,0.10
85,1,100,0.7154,,,,,,,,,,,,,,,,,,,,,,,,,239.76,3.05,1608060.083,396882.4716,7.1045,0.17,6.64,92.69,0.13
86,1,100,0.5403,,,,,,,,,,,,,,,,,,,,,,,,,239.4,3.05,1608047.449,396652.091,7.4462,0.16,6.62,92.68,0.17
87,1,100,0.3941,,,,,,,,,,,,,,,,,,,,,,,,,239.11,3.06,1607957.449,396439.3702,7.7315,0.16,6.61,92.68,0.19
88,1,100,0.2379,,,,,,,,,,,,,,,,,,,,,,,,,238.84,3.07,1607987.449,396201.7967,8.0363,0.15,6.60,92.67,0.22
89,1,100,0.0817,,,,,,,,,,,,,,,,,,,,,,,,,238.58,3.07,1607957.449,395964.223,8.3411,0.15,6.59,92.67,0.24
90,1,101,0.6541,,,,,,,,,,,,,,,,,,,,,,,,,232.48,2.8,1607182.804,395719.7509,0.8124,15.59,2.95,78.05,1.49
91,1,101,0.465,,,,,,,,,,,,,,,,,,,,,,,,,232.48,2.8,1607410.169,395665.1062,1.2567,15.59,2.95,78.05,1.49
92,1,101,0.2979,,,,,,,,,,,,,,,,,,,,,,,,,232.48,2.8,1607633.012,395730.6697,1.6493,15.59,2.95,78.05,1.49
93,1,101,0.1083,,,,,,,,,,,,,,,,,,,,,,,,,232.48,2.8,1607848.037,395815.1062,2.0946,15.59,2.95,78.05,1.49
94,1,102,0.7285,,,,,,,,,,,,,,,,,,,,,,,,,256.61,4.41,1615727.449,396872.091,26.0141,3.29,13.07,83.14,0.33
95,1,102,0.5927,,,,,,,,,,,,,,,,,,,,,,,,,256.35,4.41,1615697.449,396634.5174,26.2659,3.26,13.22,83.02,0.33
96,1,102,0.4576,,,,,,,,,,,,,,,,,,,,,,,,,256.1,4.41,1615697.449,396384.5174,26.5166,3.22,13.37,82.90,0.34
97,1,102,0.1855,,,,,,,,,,,,,,,,,,,,,,,,,255.61,4.41,1615547.449,395946.6494,27.0214,3.16,13.66,82.67,0.34
98,1,102,0.0497,,,,,,,,,,,,,,,,,,,,,,,,,255.37,4.41,1615547.449,395696.6494,27.2732,3.13,13.80,82.56,0.34
99,1,104,0.8556,,,,,,,,,,,,,,,,,,,,,,,,,249.23,3.09,1619073.098,396010.7559,4.1406,4.55,8.69,84.59,0.02
100,1,104,0.6553,,,,,,,,,,,,,,,,,,,,,,,,,247.73,3.12,1618869.961,395897.6188,4.4774,4.21,9.03,84.75,0.02
101,1,104,0.483,,,,,,,,,,,,,,,,,,,,,,,,,246.61,3.14,1618649.25,395863.3043,4.7671,3.96,9.28,84.87,0.02
102,1,104,0.3107,,,,,,,,,,,,,,,,,,,,,,,,,245.61,3.17,1618453.845,395875.1062,5.0568,3.73,9.51,84.98,0.02
103,1,104,0.1541,,,,,,,,,,,,,,,,,,,,,,,,,244.81,3.18,1618269.337,395716.9944,5.32,3.55,9.69,85.07,0.02
104,1,105,0.663,,,,,,,,,,,,,,,,,,,,,,,,,242.63,3.58,1617902.596,395965.1062,0.4522,0.00,11.27,88.53,0.07
105,1,105,0.326,,,,,,,,,,,,,,,,,,,,,,,,,242.63,3.58,1618062.51,395790.0452,0.9044,0.00,11.27,88.53,0.07
106,1,106,0.4869,,,,,,,,,,,,,,,,,,,,,,,,,240.96,5.23,1615772.301,395575.1062,0.5749,0.08,16.87,82.73,0.00
107,1,90,0.001,,,,,,,,,,,,,,,,,,,,,,,,,251.49,4.8,1614407.449,397015.1062,1.9953,0.09,24.27,75.64,0.00
108,1,107,0.876,,,,,,,,,,,,,,,,,,,,,,,,,266.14,4.98,1614547.743,396835.1062,13.5069,0.16,23.44,76.23,0.00
109,1,107,0.7519,,,,,,,,,,,,,,,,,,,,,,,,,265.37,4.97,1614723.723,396698.832,13.7443,0.20,23.51,76.08,0.01
110,1,107,0.6279,,,,,,,,,,,,,,,,,,,,,,,,,264.62,4.96,1614797.449,396479.3702,13.9816,0.23,23.58,75.93,0.01
111,1,107,0.5038,,,,,,,,,,,,,,,,,,,,,,,,,263.9,4.95,1614827.449,396241.7967,14.2189,0.26,23.65,75.78,0.02
112,1,107,0.3882,,,,,,,,,,,,,,,,,,,,,,,,,263.26,4.94,1614887.449,396016.6495,14.4402,0.29,23.71,75.65,0.02
113,1,107,0.2558,,,,,,,,,,,,,,,,,,,,,,,,,262.54,4.93,1614964.139,395798.4157,14.6936,0.32,23.78,75.51,0.02
114,1,107,0.1506,,,,,,,,,,,,,,,,,,,,,,,,,261.98,4.92,1615140.916,395621.639,14.8948,0.34,23.83,75.40,0.03
115,1,108,0.2896,,,,,,,,,,,,,,,,,,,,,,,,,250.05,4.2,1614725.905,395455.1062,1.7556,0.47,19.96,79.35,0.00
116,1,108,0.1712,,,,,,,,,,,,,,,,,,,,,,,,,250.05,4.2,1614975.905,395455.1062,2.0482,0.47,19.96,79.35,0.00
117,1,108,0.0608,,,,,,,,,,,,,,,,,,,,,,,,,250.05,4.2,1615225.905,395455.1062,2.3211,0.47,19.96,79.35,0.00
118,1,109,0.2041,,,,,,,,,,,,,,,,,,,,,,,,,254.31,4.43,1615457.449,395392.3854,28.7567,2.98,14.43,82.09,0.33
119,1,111,0.6165,,,,,,,,,,,,,,,,,,,,,,,,,237.01,3.01,1608047.449,395619.959,10.9451,3.55,5.87,89.36,0.52
120,1,111,0.2878,,,,,,,,,,,,,,,,,,,,,,,,,236.89,3.01,1608150.083,395412.4716,11.0271,3.60,5.94,89.25,0.52
121,1,114,0.8491,,,,,,,,,,,,,,,,,,,,,,,,,258.43,4.63,1609007.449,396429.959,8.134,0.86,22.92,74.05,0.66
122,1,114,0.6985,,,,,,,,,,,,,,,,,,,,,,,,,257.87,4.64,1608947.449,396204.8118,8.3296,1.02,22.99,73.87,0.65
123,1,114,0.5472,,,,,,,,,,,,,,,,,,,,,,,,,257.34,4.65,1608887.449,396004.5174,8.526,1.17,23.05,73.69,0.63
124,1,114,0.3963,,,,,,,,,,,,,,,,,,,,,,,,,256.83,4.66,1608857.449,395766.9438,8.7221,1.32,23.11,73.53,0.62
125,1,114,0.2493,,,,,,,,,,,,,,,,,,,,,,,,,256.36,4.67,1608797.449,395541.7967,8.9129,1.46,23.16,73.37,0.61
126,1,114,0.0944,,,,,,,,,,,,,,,,,,,,,,,,,255.89,4.68,1608737.449,395316.6495,9.1141,1.59,23.22,73.22,0.59
127,1,115,0.5761,,,,,,,,,,,,,,,,,,,,,,,,,237.81,3.13,1608457.743,395185.1062,15.3368,14.46,5.01,79.61,0.39
128,1,115,0.1531,,,,,,,,,,,,,,,,,,,,,,,,,237.76,3.13,1608707.743,395185.1062,15.3825,14.50,5.00,79.58,0.39
129,1,119,0.6229,,,,,,,,,,,,,,,,,,,,,,,,,243.63,3.33,1607850.083,394777.7408,3.3961,48.90,2.10,48.88,0.05
130,1,119,0.3909,,,,,,,,,,,,,,,,,,,,,,,,,242.41,3.37,1607984.433,394972.0911,3.6927,46.39,2.24,51.24,0.05
131,1,119,0.1878,,,,,,,,,,,,,,,,,,,,,,,,,241.5,3.4,1608076.357,395184.015,3.9522,44.50,2.36,53.02,0.05
132,1,120,0.5252,,,,,,,,,,,,,,,,,,,,,,,,,262.69,5.75,1610277.068,395505.4868,1.385,1.60,33.66,64.70,0.00
133,1,120,0.4206,,,,,,,,,,,,,,,,,,,,,,,,,262.69,5.75,1610417.449,395331.2079,1.6902,1.60,33.66,64.70,0.00
134,1,120,0.3204,,,,,,,,,,,,,,,,,,,,,,,,,262.69,5.75,1610357.449,395106.0607,1.9822,1.60,33.66,64.70,0.00
135,1,120,0.2234,,,,,,,,,,,,,,,,,,,,,,,,,262.69,5.75,1610252.057,394899.7151,2.2654,1.60,33.66,64.70,0.00
136,1,120,0.1317,,,,,,,,,,,,,,,,,,,,,,,,,262.69,5.75,1610207.449,394668.1928,2.5329,1.60,33.66,64.70,0.00
137,1,120,0.0292,,,,,,,,,,,,,,,,,,,,,,,,,262.69,5.75,1610304.261,394458.2937,2.8317,1.60,33.66,64.70,0.00
138,1,121,0.869,,,,,,,,,,,,,,,,,,,,,,,,,244.42,3.75,1609000.586,395071.9691,25.0058,9.57,12.32,76.82,0.45
139,1,121,0.7379,,,,,,,,,,,,,,,,,,,,,,,,,244.4,3.79,1609185.611,394915.1062,25.3758,9.45,12.79,76.50,0.45
140,1,121,0.6069,,,,,,,,,,,,,,,,,,,,,,,,,244.38,3.82,1609389.286,394803.2685,25.7459,9.32,13.25,76.18,0.44
141,1,121,0.4759,,,,,,,,,,,,,,,,,,,,,,,,,244.37,3.86,1609583.636,394668.9182,26.1159,9.20,13.69,75.88,0.43
142,1,121,0.3448,,,,,,,,,,,,,,,,,,,,,,,,,244.35,3.89,1609811.347,394615.1062,26.486,9.09,14.12,75.58,0.43
143,1,121,0.2287,,,,,,,,,,,,,,,,,,,,,,,,,244.34,3.92,1610007.484,394485.0704,26.814,8.98,14.49,75.32,0.42
144,1,121,0.0828,,,,,,,,,,,,,,,,,,,,,,,,,244.32,3.96,1610201.835,394399.4923,27.2261,8.86,14.94,75.01,0.42
145,1,122,0.7771,,,,,,,,,,,,,,,,,,,,,,,,,255.84,4.58,1615613.012,395149.5427,47.0635,1.96,18.04,79.51,0.21
146,1,122,0.5542,,,,,,,,,,,,,,,,,,,,,,,,,255.73,4.59,1615726.149,394946.4056,47.2038,1.96,18.18,79.38,0.21
147,1,122,0.3313,,,,,,,,,,,,,,,,,,,,,,,,,255.62,4.59,1615697.449,394709.3702,47.344,1.95,18.31,79.25,0.21
148,1,122,0.1186,,,,,,,,,,,,,,,,,,,,,,,,,255.52,4.6,1615693.393,394461.0502,47.4778,1.95,18.44,79.13,0.21
149,1,123,0.7121,,,,,,,,,,,,,,,,,,,,,,,,,232.86,5.08,1615220.169,394675.1062,0.3566,0.00,20.28,79.51,0.00
150,1,123,0.4114,,,,,,,,,,,,,,,,,,,,,,,,,232.86,5.08,1615466.443,394666.1113,0.729,0.00,20.28,79.51,0.00
151,1,123,0.117,,,,,,,,,,,,,,,,,,,,,,,,,232.86,5.08,1615547.449,394449.6647,1.0935,0.00,20.28,79.51,0.00
152,1,125,0.4542,,,,,,,,,,,,,,,,,,,,,,,,,254.95,5.04,1611066.113,394963.7711,1.3332,0.15,38.25,61.16,0.07
153,1,125,0.3163,,,,,,,,,,,,,,,,,,,,,,,,,254.95,5.04,1610944.189,394781.8472,1.6701,0.15,38.25,61.16,0.07
154,1,125,0.1644,,,,,,,,,,,,,,,,,,,,,,,,,254.95,5.04,1610837.449,394576.0607,2.0411,0.15,38.25,61.16,0.07
155,1,126,0.4869,,,,,,,,,,,,,,,,,,,,,,,,,246,4.16,1610582.596,394345.1062,30.4627,8.08,17.11,73.74,0.37
156,1,130,0.881,,,,,,,,,,,,,,,,,,,,,,,,,242.74,3.31,1618035.525,395363.1823,7.3559,2.57,10.17,85.96,0.03
157,1,130,0.7567,,,,,,,,,,,,,,,,,,,,,,,,,241.76,3.35,1617964.814,395142.4716,7.8101,2.43,10.20,86.12,0.03
158,1,130,0.3979,,,,,,,,,,,,,,,,,,,,,,,,,239.48,3.43,1617651.921,394550.634,9.1212,2.08,10.29,86.47,0.03
159,1,130,0.2839,,,,,,,,,,,,,,,,,,,,,,,,,238.89,3.45,1617807.484,394365.0705,9.5378,2.00,10.31,86.56,0.03
160,1,130,0.1578,,,,,,,,,,,,,,,,,,,,,,,,,238.29,3.47,1617984.261,394188.2938,9.9985,1.91,10.33,86.65,0.03
161,1,130,0.0267,,,,,,,,,,,,,,,,,,,,,,,,,237.72,3.49,1618076.286,393993.9435,10.4773,1.82,10.35,86.74,0.03
162,1,131,0.7735,,,,,,,,,,,,,,,,,,,,,,,,,246.44,4.25,1611007.743,394195.1062,33.2191,7.42,18.84,72.72,0.35
163,1,131,0.5663,,,,,,,,,,,,,,,,,,,,,,,,,246.3,4.26,1611208.037,394075.1062,33.4318,7.38,18.88,72.74,0.34
164,1,131,0.3354,,,,,,,,,,,,,,,,,,,,,,,,,246.14,4.27,1611445.611,394045.1062,33.6687,7.33,18.92,72.75,0.34
165,1,131,0.0942,,,,,,,,,,,,,,,,,,,,,,,,,245.98,4.29,1611663.931,393968.6239,33.9162,7.27,18.96,72.77,0.34
166,1,132,0.7776,,,,,,,,,,,,,,,,,,,,,,,,,228.31,3.2,1619422.388,394440.0452,0.7338,1.23,17.35,80.85,0.05
167,1,132,0.6737,,,,,,,,,,,,,,,,,,,,,,,,,228.31,3.2,1619351.677,394219.3346,1.0767,1.23,17.35,80.85,0.05
168,1,132,0.5584,,,,,,,,,,,,,,,,,,,,,,,,,228.31,3.2,1619174.9,394042.5579,1.457,1.23,17.35,80.85,0.05
169,1,132,0.444,,,,,,,,,,,,,,,,,,,,,,,,,228.31,3.2,1618948.697,393985.1062,1.8344,1.23,17.35,80.85,0.05
170,1,132,0.3328,,,,,,,,,,,,,,,,,,,,,,,,,228.31,3.2,1618742.266,393879.9233,2.2013,1.23,17.35,80.85,0.05
171,1,132,0.2275,,,,,,,,,,,,,,,,,,,,,,,,,228.31,3.2,1618510.829,393895.1062,2.5488,1.23,17.35,80.85,0.05
172,1,132,0.1104,,,,,,,,,,,,,,,,,,,,,,,,,228.31,3.2,1618285.682,393955.1062,2.9351,1.23,17.35,80.85,0.05
173,1,133,0.4793,,,,,,,,,,,,,,,,,,,,,,,,,244.73,5.44,1612067.449,393922.3855,0.5904,0.00,51.67,47.86,0.00
174,1,134,0.5181,,,,,,,,,,,,,,,,,,,,,,,,,246.32,4.38,1611931.799,393760.7559,36.8304,6.88,20.56,71.64,0.31
175,1,135,0.6762,,,,,,,,,,,,,,,,,,,,,,,,,254.63,5.59,1610269.581,393832.9742,0.7894,2.66,41.05,56.18,0.00
176,1,135,0.5688,,,,,,,,,,,,,,,,,,,,,,,,,254.63,5.59,1610508.037,393805.1062,1.0513,2.66,41.05,56.18,0.00
177,1,135,0.4604,,,,,,,,,,,,,,,,,,,,,,,,,254.63,5.59,1610728.575,393793.9792,1.3157,2.66,41.05,56.18,0.00
178,1,135,0.3524,,,,,,,,,,,,,,,,,,,,,,,,,254.63,5.59,1610958.332,393805.1062,1.5788,2.66,41.05,56.18,0.00
179,1,135,0.2445,,,,,,,,,,,,,,,,,,,,,,,,,254.63,5.59,1611183.479,393865.1062,1.8419,2.66,41.05,56.18,0.00
180,1,135,0.1483,,,,,,,,,,,,,,,,,,,,,,,,,254.63,5.59,1611421.052,393895.1062,2.0764,2.66,41.05,56.18,0.00
181,1,135,0.0287,,,,,,,,,,,,,,,,,,,,,,,,,254.63,5.59,1611671.052,393895.1062,2.3682,2.66,41.05,56.18,0.00
182,1,137,0.6663,,,,,,,,,,,,,,,,,,,,,,,,,245.92,4.42,1612285.317,393565.1062,38.5526,6.57,21.73,70.80,0.30
183,1,137,0.3608,,,,,,,,,,,,,,,,,,,,,,,,,245.77,4.42,1612498.037,393475.1062,38.7176,6.54,21.86,70.70,0.30
184,1,138,0.5149,,,,,,,,,,,,,,,,,,,,,,,,,240.83,5.29,1612817.449,393737.5327,0.7056,0.00,46.91,53.09,0.00
185,1,138,0.2702,,,,,,,,,,,,,,,,,,,,,,,,,240.83,5.29,1612847.449,393524.8118,1.0615,0.00,46.91,53.09,0.00
186,1,141,0.1725,,,,,,,,,,,,,,,,,,,,,,,,,245.34,4.46,1612897.743,393235.1062,40.445,6.26,22.94,69.92,0.30
187,1,142,0.7181,,,,,,,,,,,,,,,,,,,,,,,,,235.54,4.53,1613867.449,393592.3855,0.4299,0.06,36.72,63.22,0.00
188,1,142,0.4484,,,,,,,,,,,,,,,,,,,,,,,,,235.54,4.53,1613773.601,393381.2585,0.841,0.06,36.72,63.22,0.00
189,1,142,0.1542,,,,,,,,,,,,,,,,,,,,,,,,,235.54,4.53,1613815.611,393175.1062,1.2896,0.06,36.72,63.22,0.00
190,1,143,0.7624,,,,,,,,,,,,,,,,,,,,,,,,,244.95,4.49,1613162.596,393205.1062,43.3326,6.08,23.09,69.98,0.32
191,1,143,0.5248,,,,,,,,,,,,,,,,,,,,,,,,,244.82,4.5,1613412.596,393205.1062,43.5508,6.05,23.16,69.93,0.33
192,1,143,0.2872,,,,,,,,,,,,,,,,,,,,,,,,,244.7,4.51,1613625.317,393115.1062,43.7689,6.02,23.24,69.88,0.34
193,1,143,0.0645,,,,,,,,,,,,,,,,,,,,,,,,,244.58,4.52,1613875.317,393115.1062,43.9733,5.99,23.31,69.83,0.35
194,1,146,0.5607,,,,,,,,,,,,,,,,,,,,,,,,,244.09,4.53,1614104.225,392938.3295,45.7263,5.76,23.93,69.46,0.34
195,1,146,0.1214,,,,,,,,,,,,,,,,,,,,,,,,,243.94,4.54,1614290.758,392785.1062,45.8955,5.74,24.08,69.33,0.34
196,1,147,0.5572,,,,,,,,,,,,,,,,,,,,,,,,,241.3,4.81,1612076.86,393004.5175,1.1749,3.80,23.95,71.95,0.31
197,1,147,0.4138,,,,,,,,,,,,,,,,,,,,,,,,,241.3,4.81,1612279.997,393117.6546,1.5552,3.80,23.95,71.95,0.31
198,1,147,0.2694,,,,,,,,,,,,,,,,,,,,,,,,,241.3,4.81,1612493.773,393205.1062,1.9384,3.80,23.95,71.95,0.31
199,1,147,0.1144,,,,,,,,,,,,,,,,,,,,,,,,,241.3,4.81,1612743.773,393205.1062,2.3498,3.80,23.95,71.95,0.31
200,1,155,0.7029,,,,,,,,,,,,,,,,,,,,,,,,,231.37,4.42,1613447.449,392340.5478,0.741,7.61,34.72,57.52,0.07
201,1,155,0.5444,,,,,,,,,,,,,,,,,,,,,,,,,231.37,4.42,1613648.037,392365.1062,1.1363,7.61,34.72,57.52,0.07
202,1,155,0.3925,,,,,,,,,,,,,,,,,,,,,,,,,231.37,4.42,1613853.931,392471.5885,1.515,7.61,34.72,57.52,0.07
203,1,155,0.2421,,,,,,,,,,,,,,,,,,,,,,,,,231.37,4.42,1613988.281,392665.9389,1.8902,7.61,34.72,57.52,0.07
204,1,155,0.0935,,,,,,,,,,,,,,,,,,,,,,,,,231.37,4.42,1614201.347,392755.1062,2.2607,7.61,34.72,57.52,0.07
205,1,160,0.8952,,,,,,,,,,,,,,,,,,,,,,,,,243.04,4.54,1614568.159,392765.8169,48.6954,5.80,24.83,68.57,0.32
206,1,160,0.7903,,,,,,,,,,,,,,,,,,,,,,,,,242.84,4.55,1614771.296,392691.2585,48.9545,5.77,24.99,68.45,0.32
207,1,160,0.6855,,,,,,,,,,,,,,,,,,,,,,,,,242.64,4.56,1614887.449,392489.3703,49.2137,5.74,25.14,68.33,0.32
208,1,160,0.5807,,,,,,,,,,,,,,,,,,,,,,,,,242.44,4.58,1615069.997,392332.5578,49.4728,5.71,25.30,68.21,0.31
209,1,160,0.4759,,,,,,,,,,,,,,,,,,,,,,,,,242.24,4.59,1615290.708,392261.8472,49.732,5.68,25.45,68.09,0.31
210,1,160,0.371,,,,,,,,,,,,,,,,,,,,,,,,,242.05,4.6,1615502.631,392169.9233,49.9912,5.65,25.60,67.97,0.31
211,1,160,0.2804,,,,,,,,,,,,,,,,,,,,,,,,,241.88,4.61,1615679.408,391993.1466,50.2152,5.63,25.73,67.87,0.31
212,1,160,0.1674,,,,,,,,,,,,,,,,,,,,,,,,,241.67,4.62,1615824.656,391825.1062,50.4945,5.59,25.89,67.75,0.31
213,1,160,0.0649,,,,,,,,,,,,,,,,,,,,,,,,,241.49,4.63,1615967.449,391665.1776,50.748,5.57,26.03,67.64,0.31
214,1,161,0.4918,,,,,,,,,,,,,,,,,,,,,,,,,227.68,4.65,1615400.464,391765.1062,1.1091,0.37,25.53,74.10,0.00
215,1,161,0.3169,,,,,,,,,,,,,,,,,,,,,,,,,227.68,4.65,1615613.184,391675.1062,1.4908,0.37,25.53,74.10,0.00
216,1,161,0.1462,,,,,,,,,,,,,,,,,,,,,,,,,227.68,4.65,1615813.479,391555.1062,1.8635,0.37,25.53,74.10,0.00
217,1,164,0.9477,,,,,,,,,,,,,,,,,,,,,,,,,254.63,4.62,1615678.159,394154.3955,49.0677,1.89,18.66,78.98,0.21
218,1,164,0.8812,,,,,,,,,,,,,,,,,,,,,,,,,254.3,4.63,1615757.449,393954.8118,49.4202,1.88,18.79,78.87,0.20
219,1,164,0.8216,,,,,,,,,,,,,,,,,,,,,,,,,254.01,4.64,1615817.449,393729.6646,49.736,1.86,18.90,78.77,0.20
220,1,164,0.7622,,,,,,,,,,,,,,,,,,,,,,,,,253.72,4.65,1615817.449,393479.6646,50.0511,1.85,19.01,78.67,0.20
221,1,164,0.7053,,,,,,,,,,,,,,,,,,,,,,,,,253.45,4.65,1615817.449,393229.6646,50.3525,1.84,19.11,78.58,0.20
222,1,164,0.6471,,,,,,,,,,,,,,,,,,,,,,,,,253.18,4.66,1615913.22,393019.3345,50.6607,1.83,19.22,78.49,0.20
223,1,164,0.5838,,,,,,,,,,,,,,,,,,,,,,,,,252.88,4.67,1616125.144,392927.4107,50.9964,1.82,19.33,78.39,0.20
224,1,164,0.5284,,,,,,,,,,,,,,,,,,,,,,,,,252.63,4.67,1616365.905,392905.1062,51.2901,1.81,19.43,78.30,0.20
225,1,164,0.412,,,,,,,,,,,,,,,,,,,,,,,,,252.1,4.69,1616667.276,392595.2787,51.9066,1.79,19.64,78.12,0.20
226,1,164,0.348,,,,,,,,,,,,,,,,,,,,,,,,,251.82,4.69,1616777.449,392390.9135,52.2461,1.78,19.75,78.02,0.19
227,1,164,0.2933,,,,,,,,,,,,,,,,,,,,,,,,,251.58,4.7,1616777.449,392140.9135,52.536,1.77,19.84,77.94,0.19
228,1,164,0.227,,,,,,,,,,,,,,,,,,,,,,,,,251.29,4.71,1616867.449,391928.1928,52.8869,1.76,19.95,77.84,0.19
229,1,164,0.1676,,,,,,,,,,,,,,,,,,,,,,,,,251.04,4.71,1616848.418,391686.0755,53.2019,1.75,20.05,77.76,0.19
230,1,164,0.1081,,,,,,,,,,,,,,,,,,,,,,,,,250.79,4.72,1616671.641,391509.2988,53.517,1.74,20.14,77.67,0.19
231,1,164,0.0488,,,,,,,,,,,,,,,,,,,,,,,,,250.54,4.73,1616507.291,391344.9485,53.8315,1.73,20.24,77.59,0.19
232,1,165,0.6505,,,,,,,,,,,,,,,,,,,,,,,,,240.68,4.64,1616221.799,391420.756,53.2112,5.32,26.14,67.81,0.29
233,1,165,0.1654,,,,,,,,,,,,,,,,,,,,,,,,,240.51,4.65,1616377.362,391235.1924,53.3779,5.31,26.19,67.77,0.29
234,1,169,0.4724,,,,,,,,,,,,,,,,,,,,,,,,,198.74,3.19,1621114.139,391285.1062,1.2798,0.89,15.51,82.78,0.11
235,1,169,0.2706,,,,,,,,,,,,,,,,,,,,,,,,,198.74,3.19,1620906.113,391183.7711,1.7692,0.89,15.51,82.78,0.11
236,1,169,0.0882,,,,,,,,,,,,,,,,,,,,,,,,,198.74,3.19,1620702.976,391070.634,2.2115,0.89,15.51,82.78,0.11
237,1,174,0.4558,,,,,,,,,,,,,,,,,,,,,,,,,208.52,4.7,1616365.316,390985.1062,0.6333,0.62,18.41,80.97,0.00
238,1,175,0.3331,,,,,,,,,,,,,,,,,,,,,,,,,199.15,3.91,1620992.007,390985.1062,1.3397,0.04,27.51,72.31,0.13
239,1,175,0.1108,,,,,,,,,,,,,,,,,,,,,,,,,199.15,3.91,1620742.007,390985.1062,1.7863,0.04,27.51,72.31,0.13
240,1,180,0.9487,,,,,,,,,,,,,,,,,,,,,,,,,234.78,3.44,1617881.885,393769.5427,14.1109,1.64,12.31,85.10,0.03
241,1,180,0.8905,,,,,,,,,,,,,,,,,,,,,,,,,234.1,3.47,1617767.449,393566.9439,14.3791,1.61,12.63,84.82,0.04
242,1,180,0.8358,,,,,,,,,,,,,,,,,,,,,,,,,233.48,3.49,1617719.25,393336.9081,14.6314,1.58,12.91,84.57,0.04
243,1,180,0.7859,,,,,,,,,,,,,,,,,,,,,,,,,232.94,3.51,1617677.449,393104.2231,14.8618,1.56,13.17,84.34,0.04
244,1,180,0.7264,,,,,,,,,,,,,,,,,,,,,,,,,232.31,3.53,1617677.449,392854.2231,15.1361,1.53,13.46,84.08,0.04
245,1,180,0.6716,,,,,,,,,,,,,,,,,,,,,,,,,231.76,3.56,1617784.139,392648.4157,15.3884,1.50,13.72,83.86,0.04
246,1,180,0.6169,,,,,,,,,,,,,,,,,,,,,,,,,231.22,3.57,1617761.261,392418.9182,15.6408,1.48,13.97,83.63,0.05
247,1,180,0.5622,,,,,,,,,,,,,,,,,,,,,,,,,230.7,3.59,1617706.774,392215.7812,15.8931,1.46,14.21,83.42,0.05
248,1,180,0.5105,,,,,,,,,,,,,,,,,,,,,,,,,230.22,3.61,1617862.337,392030.2177,16.1315,1.44,14.43,83.22,0.05
249,1,180,0.4592,,,,,,,,,,,,,,,,,,,,,,,,,229.76,3.63,1618047.901,391874.6542,16.3679,1.42,14.65,83.03,0.05
250,1,180,0.398,,,,,,,,,,,,,,,,,,,,,,,,,229.23,3.65,1618187.449,391682.4569,16.6501,1.39,14.89,82.82,0.05
251,1,180,0.3433,,,,,,,,,,,,,,,,,,,,,,,,,228.77,3.66,1618049.509,391507.1668,16.9024,1.37,15.11,82.63,0.05
252,1,180,0.2885,,,,,,,,,,,,,,,,,,,,,,,,,228.32,3.68,1617977.449,391287.0153,17.1548,1.35,15.32,82.44,0.06
253,1,180,0.2338,,,,,,,,,,,,,,,,,,,,,,,,,227.89,3.7,1617835.661,391113.3191,17.4071,1.33,15.52,82.26,0.06
254,1,180,0.1883,,,,,,,,,,,,,,,,,,,,,,,,,227.54,3.71,1617782.373,390940.182,17.6168,1.32,15.68,82.12,0.06
255,1,180,0.1243,,,,,,,,,,,,,,,,,,,,,,,,,227.06,3.73,1617967.936,390784.6185,17.9118,1.30,15.91,81.92,0.06
256,1,180,0.0696,,,,,,,,,,,,,,,,,,,,,,,,,226.66,3.74,1618007.449,390575.8378,18.1641,1.28,16.09,81.76,0.06
257,1,180,0.0149,,,,,,,,,,,,,,,,,,,,,,,,,226.27,3.76,1617917.449,390363.117,18.4165,1.26,16.27,81.60,0.06
258,1,181,0.8639,,,,,,,,,,,,,,,,,,,,,,,,,244.87,4.69,1616725.316,390925.1062,108.95,3.47,23.24,72.72,0.24
259,1,181,0.5641,,,,,,,,,,,,,,,,,,,,,,,,,244.58,4.7,1617163.184,390775.1062,109.4463,3.46,23.30,72.67,0.24
260,1,181,0.4188,,,,,,,,,,,,,,,,,,,,,,,,,244.44,4.7,1617377.449,390721.7967,109.6869,3.46,23.32,72.65,0.23
261,1,181,0.2735,,,,,,,,,,,,,,,,,,,,,,,,,244.3,4.7,1617549.494,390543.0604,109.9275,3.46,23.35,72.63,0.23
262,1,181,0.1282,,,,,,,,,,,,,,,,,,,,,,,,,244.16,4.7,1617761.418,390451.1366,110.1681,3.45,23.37,72.60,0.23
263,1,182,0.8385,,,,,,,,,,,,,,,,,,,,,,,,,211.1,3.98,1619267.449,392012.0911,2.8796,0.60,21.91,76.80,0.39
264,1,182,0.7578,,,,,,,,,,,,,,,,,,,,,,,,,208.95,4.05,1619147.449,391811.7967,3.1489,0.55,22.64,75.98,0.53
265,1,182,0.6771,,,,,,,,,,,,,,,,,,,,,,,,,207.15,4.11,1619057.449,391599.076,3.4183,0.51,23.26,75.29,0.65
266,1,182,0.6051,,,,,,,,,,,,,,,,,,,,,,,,,205.76,4.16,1619027.449,391361.5023,3.6583,0.48,23.73,74.76,0.75
267,1,182,0.5156,,,,,,,,,,,,,,,,,,,,,,,,,204.27,4.21,1618989.545,391127.2025,3.9569,0.44,24.23,74.20,0.85
268,1,182,0.4349,,,,,,,,,,,,,,,,,,,,,,,,,203.11,4.25,1618817.449,390948.4872,4.2263,0.42,24.63,73.75,0.93
269,1,182,0.3602,,,,,,,,,,,,,,,,,,,,,,,,,202.15,4.28,1618720.844,390738.502,4.4755,0.39,24.95,73.39,0.99
270,1,182,0.2734,,,,,,,,,,,,,,,,,,,,,,,,,201.17,4.32,1618577.449,390547.8984,4.7649,0.37,25.28,73.01,1.06
271,1,182,0.1942,,,,,,,,,,,,,,,,,,,,,,,,,200.38,4.35,1618517.449,390322.7512,5.0292,0.35,25.55,72.71,1.11
272,1,182,0.112,,,,,,,,,,,,,,,,,,,,,,,,,199.63,4.37,1618372.646,390150.3039,5.3036,0.34,25.81,72.43,1.16
273,1,182,0.0312,,,,,,,,,,,,,,,,,,,,,,,,,198.97,4.39,1618195.87,389973.5272,5.573,0.32,26.03,72.17,1.20
274,1,183,0.5118,,,,,,,,,,,,,,,,,,,,,,,,,241.42,4.57,1618105.316,390145.1062,128.9456,3.14,22.37,73.88,0.21
275,1,184,0.8075,,,,,,,,,,,,,,,,,,,,,,,,,196.94,3.61,1620287.449,390707.2383,6.2665,0.36,19.49,79.43,0.33
276,1,184,0.6233,,,,,,,,,,,,,,,,,,,,,,,,,196.2,3.62,1620257.449,390469.6647,6.5677,0.34,19.85,78.90,0.52
277,1,184,0.4224,,,,,,,,,,,,,,,,,,,,,,,,,195.47,3.64,1620140.464,390268.1214,6.8962,0.33,20.20,78.36,0.70
278,1,184,0.2299,,,,,,,,,,,,,,,,,,,,,,,,,194.84,3.65,1620006.113,390073.7711,7.211,0.31,20.51,77.90,0.86
279,1,184,0.0374,,,,,,,,,,,,,,,,,,,,,,,,,194.25,3.66,1619871.763,389879.4208,7.5259,0.30,20.79,77.47,1.01
280,1,188,0.6817,,,,,,,,,,,,,,,,,,,,,,,,,196.31,3.7,1621061.677,389359.3346,0.8396,1.64,28.83,68.17,1.30
281,1,188,0.5662,,,,,,,,,,,,,,,,,,,,,,,,,196.31,3.7,1620858.54,389246.1975,1.1443,1.64,28.83,68.17,1.30
282,1,188,0.4651,,,,,,,,,,,,,,,,,,,,,,,,,196.31,3.7,1620608.992,389245.1062,1.411,1.64,28.83,68.17,1.30
283,1,188,0.359,,,,,,,,,,,,,,,,,,,,,,,,,196.31,3.7,1620399.545,389343.0099,1.6909,1.64,28.83,68.17,1.30
284,1,188,0.2409,,,,,,,,,,,,,,,,,,,,,,,,,196.31,3.7,1620227.449,389521.7253,2.0026,1.64,28.83,68.17,1.30
285,1,188,0.1324,,,,,,,,,,,,,,,,,,,,,,,,,196.31,3.7,1620077.449,389692.0196,2.2886,1.64,28.83,68.17,1.30
286,1,188,0.0281,,,,,,,,,,,,,,,,,,,,,,,,,196.31,3.7,1619892.667,389845.1062,2.5638,1.64,28.83,68.17,1.30
287,1,195,0.8029,,,,,,,,,,,,,,,,,,,,,,,,,194.25,3.69,1619703.098,389650.7559,10.4532,0.63,23.02,74.94,1.08
288,1,195,0.4088,,,,,,,,,,,,,,,,,,,,,,,,,193.39,3.72,1619425.611,389283.2686,10.9097,0.61,23.24,74.79,1.03
289,1,195,0.2255,,,,,,,,,,,,,,,,,,,,,,,,,193.01,3.73,1619261.261,389118.9182,11.122,0.60,23.34,74.73,1.01
290,1,196,0.6052,,,,,,,,,,,,,,,,,,,,,,,,,188.23,3.85,1619994.433,388915.1062,0.699,2.19,26.64,70.97,0.05
291,1,196,0.4078,,,,,,,,,,,,,,,,,,,,,,,,,188.23,3.85,1619781.713,388885.1062,1.0484,2.19,26.64,70.97,0.05
292,1,196,0.2104,,,,,,,,,,,,,,,,,,,,,,,,,188.23,3.85,1619568.54,388974.015,1.3979,2.19,26.64,70.97,0.05
293,1,204,0.8908,,,,,,,,,,,,,,,,,,,,,,,,,239.45,4.56,1617993.098,389710.7559,134.8995,3.01,22.54,73.79,0.26
294,1,204,0.7393,,,,,,,,,,,,,,,,,,,,,,,,,239.3,4.56,1617887.449,389504.5175,135.1671,3.01,22.56,73.77,0.27
295,1,204,0.4787,,,,,,,,,,,,,,,,,,,,,,,,,239.04,4.56,1617780.966,389048.6239,135.6276,3.00,22.60,73.72,0.29
296,1,204,0.3679,,,,,,,,,,,,,,,,,,,,,,,,,238.93,4.56,1617604.19,388871.8472,135.8233,2.99,22.62,73.70,0.30
297,1,204,0.218,,,,,,,,,,,,,,,,,,,,,,,,,238.78,4.56,1617527.449,388653.6344,136.0881,2.99,22.64,73.67,0.31
298,1,204,0.1,,,,,,,,,,,,,,,,,,,,,,,,,238.66,4.56,1617407.449,388453.34,136.2967,2.98,22.66,73.65,0.32
299,1,205,0.8237,,,,,,,,,,,,,,,,,,,,,,,,,206.23,4.1,1614738.073,389695.7307,1.1326,5.90,26.44,67.52,0.00
300,1,205,0.7649,,,,,,,,,,,,,,,,,,,,,,,,,206.23,4.1,1614963.479,389695.1062,1.5101,5.90,26.44,67.52,0.00
301,1,205,0.7061,,,,,,,,,,,,,,,,,,,,,,,,,206.23,4.1,1615213.479,389695.1062,1.8877,5.90,26.44,67.52,0.00
302,1,205,0.6526,,,,,,,,,,,,,,,,,,,,,,,,,206.23,4.1,1615438.626,389755.1062,2.2314,5.90,26.44,67.52,0.00
303,1,205,0.5886,,,,,,,,,,,,,,,,,,,,,,,,,206.23,4.1,1615682.423,389740.1315,2.6427,5.90,26.44,67.52,0.00
304,1,205,0.5298,,,,,,,,,,,,,,,,,,,,,,,,,206.23,4.1,1615867.987,389584.568,3.0203,5.90,26.44,67.52,0.00
305,1,205,0.4122,,,,,,,,,,,,,,,,,,,,,,,,,206.23,4.1,1616223.048,389319.507,3.7753,5.90,26.44,67.52,0.00
306,1,205,0.3535,,,,,,,,,,,,,,,,,,,,,,,,,206.23,4.1,1616396.185,389176.3699,4.1529,5.90,26.44,67.52,0.00
307,1,205,0.2959,,,,,,,,,,,,,,,,,,,,,,,,,206.23,4.1,1616509.322,388973.2328,4.5224,5.90,26.44,67.52,0.00
308,1,205,0.2359,,,,,,,,,,,,,,,,,,,,,,,,,206.23,4.1,1616730.033,388902.5222,4.9079,5.90,26.44,67.52,0.00
309,1,205,0.1834,,,,,,,,,,,,,,,,,,,,,,,,,206.23,4.1,1616906.809,388725.7455,5.2455,5.90,26.44,67.52,0.00
310,1,205,0.1184,,,,,,,,,,,,,,,,,,,,,,,,,206.23,4.1,1617118.733,388633.8216,5.663,5.90,26.44,67.52,0.00
311,1,205,0.0596,,,,,,,,,,,,,,,,,,,,,,,,,206.23,4.1,1617298.849,388465.1062,6.0406,5.90,26.44,67.52,0.00
312,1,220,0.6443,,,,,,,,,,,,,,,,,,,,,,,,,182.27,4.4,1620614.433,387565.1062,0.8714,1.36,53.60,43.57,0.11
313,1,220,0.5381,,,,,,,,,,,,,,,,,,,,,,,,,182.27,4.4,1620364.433,387565.1062,1.1316,1.36,53.60,43.57,0.11
314,1,220,0.4072,,,,,,,,,,,,,,,,,,,,,,,,,182.27,4.4,1620139.286,387625.1062,1.4523,1.36,53.60,43.57,0.11
315,1,220,0.2886,,,,,,,,,,,,,,,,,,,,,,,,,182.27,4.4,1619965.611,387603.2686,1.7428,1.36,53.60,43.57,0.11
316,1,220,0.17,,,,,,,,,,,,,,,,,,,,,,,,,182.27,4.4,1619873.687,387391.3447,2.0332,1.36,53.60,43.57,0.11
317,1,220,0.0515,,,,,,,,,,,,,,,,,,,,,,,,,182.27,4.4,1619751.763,387209.4208,2.3237,1.36,53.60,43.57,0.11
318,1,225,0.8931,,,,,,,,,,,,,,,,,,,,,,,,,191.49,3.77,1619207.449,388732.3855,13.3615,0.80,24.07,73.92,0.92
319,1,225,0.7908,,,,,,,,,,,,,,,,,,,,,,,,,191.02,3.77,1619117.449,388519.6647,13.5605,0.79,24.25,73.69,0.98
320,1,225,0.6792,,,,,,,,,,,,,,,,,,,,,,,,,190.53,3.78,1619072.007,388300.5478,13.7776,0.79,24.44,73.45,1.03
321,1,225,0.5723,,,,,,,,,,,,,,,,,,,,,,,,,190.08,3.79,1619057.449,388094.2231,13.9857,0.78,24.62,73.23,1.09
322,1,225,0.4654,,,,,,,,,,,,,,,,,,,,,,,,,189.64,3.79,1619093.428,387859.1265,14.1937,0.78,24.79,73.01,1.14
323,1,225,0.3585,,,,,,,,,,,,,,,,,,,,,,,,,189.21,3.8,1619177.449,387668.7816,14.4017,0.78,24.96,72.80,1.19
324,1,225,0.1447,,,,,,,,,,,,,,,,,,,,,,,,,188.39,3.81,1619148.123,387205.7811,14.8178,0.77,25.28,72.40,1.28
325,1,225,0.0377,,,,,,,,,,,,,,,,,,,,,,,,,187.99,3.82,1619057.449,386993.34,15.0259,0.76,25.43,72.20,1.33
326,1,212,0.3764,,,,,,,,,,,,,,,,,,,,,,,,,176.67,3.78,1617437.449,388105.1062,0.6651,10.21,13.16,76.54,0.00
327,1,226,0.8878,,,,,,,,,,,,,,,,,,,,,,,,,236.45,4.53,1617697.743,388015.1062,144.3288,3.20,22.77,73.34,0.31
328,1,226,0.7755,,,,,,,,,,,,,,,,,,,,,,,,,236.3,4.53,1617857.449,387872.0911,144.6126,3.23,22.78,73.29,0.32
329,1,226,0.6633,,,,,,,,,,,,,,,,,,,,,,,,,236.14,4.53,1618007.449,387684.2231,144.8965,3.27,22.79,73.24,0.32
330,1,226,0.4445,,,,,,,,,,,,,,,,,,,,,,,,,235.83,4.53,1618311.921,387380.634,145.4497,3.34,22.81,73.14,0.33
331,1,226,0.2144,,,,,,,,,,,,,,,,,,,,,,,,,235.52,4.53,1618739.215,387205.1062,146.0317,3.41,22.84,73.03,0.34
332,1,226,0.1198,,,,,,,,,,,,,,,,,,,,,,,,,235.39,4.53,1618921.332,387041.2228,146.271,3.44,22.84,72.99,0.34
333,1,229,0.653,,,,,,,,,,,,,,,,,,,,,,,,,185.96,4.9,1621538.992,386575.1062,1.9301,3.17,48.62,47.84,0.34
334,1,229,0.5779,,,,,,,,,,,,,,,,,,,,,,,,,185.96,4.9,1621338.332,386694.2231,2.3478,3.17,48.62,47.84,0.34
335,1,229,0.5076,,,,,,,,,,,,,,,,,,,,,,,,,185.96,4.9,1621126.408,386784.0654,2.7392,3.17,48.62,47.84,0.34
336,1,229,0.4373,,,,,,,,,,,,,,,,,,,,,,,,,185.96,4.9,1620949.631,386607.2887,3.1305,3.17,48.62,47.84,0.34
337,1,229,0.3669,,,,,,,,,,,,,,,,,,,,,,,,,185.96,4.9,1620746.494,386656.0608,3.5218,3.17,48.62,47.84,0.34
338,1,229,0.2966,,,,,,,,,,,,,,,,,,,,,,,,,185.96,4.9,1620537.52,386755.1062,3.9131,3.17,48.62,47.84,0.34
339,1,229,0.2262,,,,,,,,,,,,,,,,,,,,,,,,,185.96,4.9,1620331.433,386861.1217,4.3044,3.17,48.62,47.84,0.34
340,1,229,0.1559,,,,,,,,,,,,,,,,,,,,,,,,,185.96,4.9,1620112.078,386935.1062,4.6957,3.17,48.62,47.84,0.34
341,1,229,0.0855,,,,,,,,,,,,,,,,,,,,,,,,,185.96,4.9,1619898.798,387023.7563,5.087,3.17,48.62,47.84,0.34
342,1,229,0.0186,,,,,,,,,,,,,,,,,,,,,,,,,185.96,4.9,1619711.49,387175.1062,5.4597,3.17,48.62,47.84,0.34
343,1,230,0.7201,,,,,,,,,,,,,,,,,,,,,,,,,184.55,4.75,1619471.885,387019.5427,8.0694,2.60,50.41,46.29,0.27
344,1,230,0.4026,,,,,,,,,,,,,,,,,,,,,,,,,184.23,4.75,1619387.449,386822.0911,8.1337,2.58,50.70,46.02,0.27
345,1,230,0.1111,,,,,,,,,,,,,,,,,,,,,,,,,183.94,4.75,1619387.449,386572.0911,8.1927,2.56,50.97,45.78,0.26
346,1,231,0.5509,,,,,,,,,,,,,,,,,,,,,,,,,230.78,4.47,1619170.586,386701.9691,161.6992,3.22,23.11,72.85,0.44
347,1,231,0.1018,,,,,,,,,,,,,,,,,,,,,,,,,230.77,4.47,1619347.362,386525.1924,161.725,3.22,23.11,72.84,0.44
348,1,240,0.7888,,,,,,,,,,,,,,,,,,,,,,,,,228.14,4.48,1619500.586,386281.9691,170.7741,3.19,24.59,71.34,0.48
349,1,240,0.5776,,,,,,,,,,,,,,,,,,,,,,,,,227.78,4.48,1619537.449,386047.2383,171.6021,3.19,24.72,71.15,0.53
350,1,240,0.3664,,,,,,,,,,,,,,,,,,,,,,,,,227.43,4.48,1619454.103,385831.761,172.4301,3.19,24.85,70.96,0.58
351,0,205,0.4735,ROARING RUN,96,Y,14/03/1996,Y,18/06/1996,Liberty Reservoir,CR-P-149-118-96,148,18,19,15,2,19,16.9,8.9,7.11,6.78,219.7,223,353.7,1.2,4.91,5.79,206.23,4.1,1616003.683,389418.8717,3.3819,5.90,26.44,67.52,0.00
352,0,115,0.723,W BRANCH PATAPSCO R,95,Y,31/03/1995,Y,18/07/1995,Liberty Reservoir,CR-P-038-227-95,50,1,12,15,1,10,23.6,7.8,8.11,7.81,482,326,1829.8,2,6.28,13.85,237.83,3.12,1608390.526,395232.0291,15.3209,14.45,5.01,79.62,0.39
353,0,181,0.7003,N BR PATAPSCO R,95,Y,31/03/1995,Y,8/08/1995,Liberty Reservoir,CR-P-077-309-95,60,1,15,10,0,18,20.8,9.2,7.69,8.35,171.3,186,626.88,2,4.69,5.92,244.71,4.7,1616954.805,390837.7499,109.2208,3.47,23.27,72.69,0.24
354,0,204,0.6084,PATAPSCO R,96,Y,14/03/1996,N,4/09/1996,Liberty Reservoir,CR-P-227-305-96,,,,,,,,,7.46,,205.3,,512,2,5.84,7.03,239.17,4.56,1617887.449,389236.8609,135.3984,3.00,22.58,73.74,0.28
355,0,164,0.4776,EAST BR PATAPSCO,96,Y,14/03/1996,Y,17/06/1996,Liberty Reservoir,CR-P-242-224-96,537,29,16,10,3,16,20.3,9.1,7.64,7.41,171.5,162,389.5,1.2,5.74,6.23,252.4,4.68,1616507.449,392815.1062,51.559,1.80,19.52,78.22,0.20
356,0,74,0.1751,CRANBERRY BR,95,Y,7/04/1995,Y,13/07/1995,Liberty Reservoir,CR-P-270-104-95,254,31,15,10,1,13,17.5,8.3,7.54,7.21,175.6,176,638.59,1,8.14,6.25,260.55,4.4,1609517.449,398545.1062,2.8414,0.00,16.75,81.42,1.52
357,0,102,0.3107,EAST BR PATAPSCO,96,Y,14/03/1996,Y,24/07/1996,Liberty Reservoir,CR-P-330-201-96,688,33,18,15,1,16,17.4,9.2,7.93,7.25,189.7,174,407.2,1.2,6.4,6.71,255.83,4.41,1615697.449,396115.1062,26.7891,3.19,13.53,82.78,0.34
358,0,102,0.8543,EAST BR PATAPSCO,96,Y,14/03/1996,Y,24/07/1996,Liberty Reservoir,CR-P-330-229-96,382,266,15,30,2,16,20.2,10.2,7.62,7.84,193.6,175,419.5,1.2,6.5,6.61,256.85,4.41,1615790.112,397077.7696,25.7808,3.32,12.93,83.25,0.33
359,0,62,0.6439,EAST BR PATAPSCO,96,Y,14/03/1996,Y,25/07/1996,Liberty Reservoir,CR-P-344-219-96,475,49,17,50,0,16,18.2,10.4,7.33,7.07,164.9,154,332.2,1,5.83,6.22,272.33,5.12,1615407.243,399915.3116,9.5769,0.43,16.68,81.79,0.78
360,0,130,0.5354,DEEP RUN,95,Y,7/04/1995,Y,7/08/1995,Liberty Reservoir,CR-P-402-121-95,1020,179,18,5,0,17,20.1,8.7,7.15,7.22,183.8,178,292.33,1,6.06,10.72,240.27,3.4,1617770.487,394768.1446,8.6188,2.20,10.26,86.35,0.03
361,0,183,0.9759,NORTH BR PATAPSCO R,96,Y,14/03/1996,Y,11/07/1996,Liberty Reservoir,CR-P-409-320-96,10,1,10,45,1,9,17.3,9.6,7.42,7.39,209,180,518.3,1,5.44,6.82,241.47,4.57,1617926.193,390286.3619,128.8696,3.14,22.38,73.87,0.21
362,0,132,0.8801,ASPEN RUN,95,Y,7/04/1995,Y,13/06/1995,Liberty Reservoir,CR-P-294-124-95,12,290,11,30,1,13,15.3,8.86,7.06,7.49,231,278,295.56,0,6.94,5.89,228.31,3.2,1619537.449,394607.3804,0.3956,1.23,17.35,80.85,0.05
363,0,226,0.3368,NORTH BR PATAPSCO R,96,Y,12/03/1996,N,21/08/1996,Liberty Reservoir,CR-P-152-302-96,,,,,,,,,7.4,,222.8,,500.7,2,4.76,8.52,235.68,4.53,1618490.281,387262.2733,145.7222,3.37,22.82,73.09,0.33
364,0,226,0.5241,N BR PATAPSCO R,95,Y,6/03/1995,Y,1/08/1995,Liberty Reservoir,CR-P-152-318-95,179,1,15,50,2,14,22.2,8.1,7.46,7.56,183.4,204,635.35,1,4.6,7.3,235.94,4.53,1618148.729,387445.1062,145.2485,3.31,22.81,73.17,0.33
365,0,220,0.0932,NORTH BR PATAPSCO R UT2 TO UT1,95,Y,6/04/1995,Y,26/07/1995,Liberty Reservoir,BA-P-008-101-95,102,39,8,25,2,14,22.2,8,7.43,7.98,178.5,202,513.17,1,1.49,16.14,182.27,4.4,1619822.787,387250.445,2.2214,1.36,53.60,43.57,0.11
366,0,229,0.185,N BR PATAPSCO R UT2,95,Y,6/04/1995,Y,31/07/1995,Liberty Reservoir,BA-P-206-108-95,472,34,16,10,3,14,21,9.3,7.54,7.76,191.1,222,632.81,1,2.47,9,185.96,4.9,1620193.484,386909.071,4.5338,3.17,48.62,47.84,0.34
367,0,225,0.2628,N BR PATAPSCO R,95,Y,6/04/1995,Y,18/07/1995,Liberty Reservoir,CR-P-240-225-95,336,21,12,35,6,15,20.3,8.2,,7.36,,174,,,,,188.84,3.81,1619207.449,387457.3739,14.588,0.77,25.10,72.62,1.23
368,0,195,0.5835,N BR PATAPSCO R UT1,95,Y,7/04/1995,Y,31/07/1995,Liberty Reservoir,CR-P-197-211-95,879,104,15,15,3,16,20,9,7.28,7.49,168.5,168,420.7,0,4.88,9.59,193.76,3.7,1619591.103,389418.7605,10.7074,0.62,23.15,74.86,1.05
