<?xml version="1.0"?>
<!--<!DOCTYPE metadata SYSTEM "http://www.esri.com/metadata/esriprof80.dtd">-->
<metadata xml:lang="en"><Esri><MetaID>{E087F5E7-2901-453B-924B-28D773ED2B08}</MetaID><CreaDate>20070618</CreaDate><CreaTime>14075400</CreaTime><SyncOnce>TRUE</SyncOnce><DataProperties><lineage><Process ToolSource="C:\Program Files\ArcGIS\ArcToolbox\Toolboxes\Analysis Tools.tbx\Near" Date="20070618" Time="140754">Near E:\projects\shortcourse\gisdata\data\sites.shp E:\projects\shortcourse\gisdata\data\test.mdb\edges "1 Unknown" LOCATION ANGLE E:\projects\shortcourse\gisdata\data\sites.shp</Process><Process ToolSource="C:\Program Files\ArcGIS\ArcToolbox\Toolboxes\Analysis Tools.tbx\Near" Date="20070618" Time="145948">Near E:\projects\shortcourse\gisdata\data\sites.shp E:\projects\shortcourse\gisdata\data\test.mdb\edges "1 Unknown" LOCATION ANGLE E:\projects\shortcourse\gisdata\data\sites.shp</Process><Process ToolSource="C:\Program Files\ArcGIS\ArcToolbox\Toolboxes\Analysis Tools.tbx\Near" Date="20070618" Time="154810">Near E:\projects\shortcourse\gisdata\data\sites.shp E:\projects\shortcourse\gisdata\data\test.mdb\edges "1 Unknown" LOCATION ANGLE E:\projects\shortcourse\gisdata\data\sites.shp</Process></lineage></DataProperties></Esri></metadata>
